Signia_(sportswear),B00IQANCRO
Signia_(sportswear),B002BXO4Q0
Signia_(sportswear),B000PW8NKC
Signia_(sportswear),B003DQRSB2
Signia_(sportswear),B001G6I72A
Signia_(sportswear),B00A20H6VY
Signia_(sportswear),B002OP5TUA
Signia_(sportswear),B007QKQMW2
Signia_(sportswear),B004VSQ9IO
Signia_(sportswear),B0002SKHIK
Signia_(sportswear),B004CMRPQO
Signia_(sportswear),B008FQIR42
Signia_(sportswear),B0009VC9PE
Signia_(sportswear),B000BO8AAC
Signia_(sportswear),B0036QKXGQ
Signia_(sportswear),B001OPH29W
Signia_(sportswear),B00CH4IID8
Signia_(sportswear),B002ZU3FR8
Signia_(sportswear),B001O7OD5G
Signia_(sportswear),B000JC2ZHA
Signia_(sportswear),B002SCV674
Signia_(sportswear),B000PD9YTU
Signia_(sportswear),B008AP09XA
Signia_(sportswear),B000PVV5RG
Signia_(sportswear),B000O7D5O2
Signia_(sportswear),B007ZQV312
Signia_(sportswear),B000YA8X7S
Signia_(sportswear),B000KA2LOS
Signia_(sportswear),B004B2V8YA
Signia_(sportswear),B000LPXL50
Signia_(sportswear),B003DR1768
Signia_(sportswear),B0001P158K
Signia_(sportswear),B0046M8LZ4
Signia_(sportswear),B001DHC2LO
Signia_(sportswear),B001C67OWS
Signia_(sportswear),B0062O7B4Q
Signia_(sportswear),B004O64HZ0
Signia_(sportswear),B003NRV8V2
Signia_(sportswear),B003KP72OY
Signia_(sportswear),B005791JS6
Signia_(sportswear),B0013QT1TQ
Signia_(sportswear),B002IIZZTS
Signia_(sportswear),B000ZKHN6E
Signia_(sportswear),B000GEFH4Y
Signia_(sportswear),B0018LESAI
Signia_(sportswear),B004KIUTOK
Signia_(sportswear),B004J97IEE
Signia_(sportswear),B000X65O84
Signia_(sportswear),B001CK0Q1K
Signia_(sportswear),B0085OQKC0
Signia_(sportswear),B00CA7UZY2
Signia_(sportswear),B00099YIX2
Signia_(sportswear),B003O98OJI
Signia_(sportswear),B005P1AU7W
Signia_(sportswear),B00BR3X2P4
Signia_(sportswear),B000AV3RK4
Signia_(sportswear),B006MOCJTS
Signia_(sportswear),B003CL4366
Signia_(sportswear),B0013LLO0U
Signia_(sportswear),B003BK5X1W
Signia_(sportswear),B0042DW5TK
Signia_(sportswear),B0063KUEHU
Signia_(sportswear),B005RY3N0I
Signia_(sportswear),B003WKNFHU
Signia_(sportswear),B00EZHML88
Signia_(sportswear),B002FP3PLY
Signia_(sportswear),B007BF61GO
Signia_(sportswear),B000FICB22
Signia_(sportswear),B004UBBG3U
Signia_(sportswear),B005G66BJC
Signia_(sportswear),B003C6FDEW
Signia_(sportswear),B000FJH4D2
Signia_(sportswear),B001PGWNYY
Signia_(sportswear),B0009TTROW
Signia_(sportswear),B00B4XYMJ2
Signia_(sportswear),B001T316RS
Signia_(sportswear),B004TAATM6
Signia_(sportswear),B0051T7JXQ
Signia_(sportswear),B0019K5FX2
Signia_(sportswear),B0043MP4VQ
Signia_(sportswear),B002RT8Y78
Signia_(sportswear),B002OHQALU
Signia_(sportswear),B00726XPUM
Signia_(sportswear),B008XRCND4
Signia_(sportswear),B0040V2MF6
Signia_(sportswear),B002BU00ZW
Signia_(sportswear),B00D9NW32I
Signia_(sportswear),B00363PSEQ
Signia_(sportswear),B0094J48KQ
Signia_(sportswear),B007H4HM9O
Signia_(sportswear),B000C14KO4
Signia_(sportswear),B003MU5N2K
Signia_(sportswear),B006YVT1JU
Signia_(sportswear),B0030U8T14
Signia_(sportswear),B005Y1TC22
Signia_(sportswear),B001WIYM5S
Signia_(sportswear),B002KEUSWY
Signia_(sportswear),B0087O6CSK
Signia_(sportswear),B000MGWARS
Signia_(sportswear),B003ZZ2Z8C
Signia_(sportswear),B0018BKAUA
Signia_(sportswear),B0009VTTQ6
Signia_(sportswear),B00B2H9SU8
Signia_(sportswear),B005DRV5ZO
Signia_(sportswear),B004EXPKJA
Signia_(sportswear),B001B4SFHE
Signia_(sportswear),B0044A1TV6
Signia_(sportswear),B007L4ZGXE
Signia_(sportswear),B00A4BF6ZO
Signia_(sportswear),B005PQHO8A
Signia_(sportswear),B003URUMX0
Signia_(sportswear),B000B9V450
Signia_(sportswear),B000AOA0O2
Signia_(sportswear),B00BKZMGXS
Signia_(sportswear),B00BD55K9M
Signia_(sportswear),B00EM6K1FW
Signia_(sportswear),B0033OI7V4
Signia_(sportswear),B0002ILQKI
Signia_(sportswear),B008K9GDWW
Signia_(sportswear),B002SDV8GM
Signia_(sportswear),B004K78W2C
Signia_(sportswear),B0037SE3XC
Signia_(sportswear),B008H7HOFC
Signia_(sportswear),B00FGLRDPS
Signia_(sportswear),B007B8ED3Y
Signia_(sportswear),B006FC6CJA
Signia_(sportswear),B008NABK4E
Signia_(sportswear),B005YPK8NU
Signia_(sportswear),B008HSROPG
Signia_(sportswear),B000AU2VY8
Signia_(sportswear),B0019DVGBO
Signia_(sportswear),B000E9Z63I
Signia_(sportswear),B002VEDG7M
Signia_(sportswear),B004PZF79K
Signia_(sportswear),B00CMWJV2W
Signia_(sportswear),B0009MZW2A
Signia_(sportswear),B005VDS9RC
Signia_(sportswear),B001CNNEXE
Signia_(sportswear),B0011FYH1G
Signia_(sportswear),B003DVEICE
Signia_(sportswear),B00926ANUK
Signia_(sportswear),B002LZSOWS
Signia_(sportswear),B001CEMJRK
Signia_(sportswear),B0011FWLFU
Signia_(sportswear),B0015RY5RG
Signia_(sportswear),B006QXA9OM
Signia_(sportswear),B00CNMNP2S
Signia_(sportswear),B000PWAY3G
Signia_(sportswear),B001BXVUN6
Signia_(sportswear),B002J1S21W
Elfin_Sports_Cars,B008R5HDDC
Elfin_Sports_Cars,B003VIIW44
Elfin_Sports_Cars,B00AU6APV8
Elfin_Sports_Cars,B00435R466
Elfin_Sports_Cars,B00BD57SQ0
Elfin_Sports_Cars,B001GQQ1BY
Elfin_Sports_Cars,B000MF63DG
Elfin_Sports_Cars,B001BFZ350
Elfin_Sports_Cars,B002GNYCIU
Elfin_Sports_Cars,B003GCE9BK
Elfin_Sports_Cars,B004DT2FKM
Elfin_Sports_Cars,B004HICPB8
Elfin_Sports_Cars,B00112BI0M
Elfin_Sports_Cars,B004VFQK3Q
Elfin_Sports_Cars,B005LRYS64
Elfin_Sports_Cars,B0015INF3K
Elfin_Sports_Cars,B001ED9U0S
Elfin_Sports_Cars,B0029LKZEE
Elfin_Sports_Cars,B00BL83I22
Elfin_Sports_Cars,B00CF1AIM2
Elfin_Sports_Cars,B003JP4WU2
Elfin_Sports_Cars,B00HNPN1YW
Elfin_Sports_Cars,B00DYYE3SE
Elfin_Sports_Cars,B00162JHJG
Elfin_Sports_Cars,B008Y2TXFY
Elfin_Sports_Cars,B00EA8IVGI
Elfin_Sports_Cars,B003Z7WIQY
Elfin_Sports_Cars,B000BYCC0G
Elfin_Sports_Cars,B00ADX6ZYY
Elfin_Sports_Cars,B0051IUQ3C
Elfin_Sports_Cars,B0077SYFB8
Elfin_Sports_Cars,B001HX3CDG
Elfin_Sports_Cars,B002UVGD6M
Elfin_Sports_Cars,B002SF306G
Elfin_Sports_Cars,B0027QR5B2
Elfin_Sports_Cars,B0015PIB32
Elfin_Sports_Cars,B008YMNZH6
Elfin_Sports_Cars,B004Y3NMK4
Elfin_Sports_Cars,B000G82C0W
Elfin_Sports_Cars,B003XDWY32
Elfin_Sports_Cars,B002C9MSAC
Elfin_Sports_Cars,B003K827PU
Elfin_Sports_Cars,B004GBKYJG
Elfin_Sports_Cars,B008MBUBQW
Elfin_Sports_Cars,B00453JT8M
Elfin_Sports_Cars,B000IBW6IA
Elfin_Sports_Cars,B001R16TMO
Elfin_Sports_Cars,B00AZIAXG8
Elfin_Sports_Cars,B0002N25I0
Elfin_Sports_Cars,B00162QL1S
Elfin_Sports_Cars,B00CDI7TRY
Elfin_Sports_Cars,B000FLTP0A
Elfin_Sports_Cars,B007Z8ZBL8
Elfin_Sports_Cars,B003SPVK6M
Elfin_Sports_Cars,B002BVZY0W
Elfin_Sports_Cars,B000Q754E4
Elfin_Sports_Cars,B00BQYOEO2
Elfin_Sports_Cars,B00074H8EK
Elfin_Sports_Cars,B004126HSW
Elfin_Sports_Cars,B000ACAM6K
Elfin_Sports_Cars,B001PO5QVS
Elfin_Sports_Cars,B0080R1XCY
Elfin_Sports_Cars,B00C88RT8I
Elfin_Sports_Cars,B004BE1NVG
Elfin_Sports_Cars,B000ITX474
Elfin_Sports_Cars,B00AU6AXN8
Elfin_Sports_Cars,B000ALENNY
Elfin_Sports_Cars,B0014DYKN0
Elfin_Sports_Cars,B006OCP46S
Elfin_Sports_Cars,B000AYFRUE
Elfin_Sports_Cars,B003BGEVUK
Elfin_Sports_Cars,B0054T7S8O
Elfin_Sports_Cars,B007IHQ91C
Elfin_Sports_Cars,B009VWF2EC
Elfin_Sports_Cars,B000Q28AFO
Elfin_Sports_Cars,B002VSHROQ
Elfin_Sports_Cars,B00162QDMK
Elfin_Sports_Cars,B000B6ACGA
Elfin_Sports_Cars,B001BA527O
Elfin_Sports_Cars,B000MVIMUC
Elfin_Sports_Cars,B006GGC898
Elfin_Sports_Cars,B00AQPJ1P4
Elfin_Sports_Cars,B008B9D0AO
Elfin_Sports_Cars,B00DH0YYR0
Elfin_Sports_Cars,B001MWRRWE
Elfin_Sports_Cars,B007Q4MM1I
Elfin_Sports_Cars,B006ZT7O90
Elfin_Sports_Cars,B001DQSKOI
Elfin_Sports_Cars,B0042AFHYI
Elfin_Sports_Cars,B0012AN6NU
Elfin_Sports_Cars,B00CQ8FX56
Elfin_Sports_Cars,B00BD4W3ZM
Elfin_Sports_Cars,B00AU68V46
Elfin_Sports_Cars,B009BA447U
Elfin_Sports_Cars,B0018ZMGBM
Elfin_Sports_Cars,B00004YVB0
Elfin_Sports_Cars,B0098HR0RC
Elfin_Sports_Cars,B002S5110I
Elfin_Sports_Cars,B005RTPMBQ
Elfin_Sports_Cars,B0000ATTAE
Elfin_Sports_Cars,B001LF3IBG
Elfin_Sports_Cars,B000OQ74PO
Elfin_Sports_Cars,B000ALDQI2
Elfin_Sports_Cars,B0030RSBH4
Elfin_Sports_Cars,B00BKRJILE
Elfin_Sports_Cars,B001V8UKBO
Elfin_Sports_Cars,B00AS47A92
Elfin_Sports_Cars,B004ZP83H8
Elfin_Sports_Cars,B000J2Q0IA
Elfin_Sports_Cars,B000AO9OTO
Elfin_Sports_Cars,B0019AI3HC
Elfin_Sports_Cars,B008P6FQZK
Elfin_Sports_Cars,B004JONRWG
Elfin_Sports_Cars,B000FH18FO
Elfin_Sports_Cars,B002E6V282
Elfin_Sports_Cars,B0049J6G8I
Elfin_Sports_Cars,B0017UU5ZW
Elfin_Sports_Cars,B00AU6NRJU
Elfin_Sports_Cars,B004Z5C0SQ
Elfin_Sports_Cars,B007KWH9MI
Elfin_Sports_Cars,B0028ZAO60
Elfin_Sports_Cars,B000OYTM1A
Elfin_Sports_Cars,B00CFPIT06
Elfin_Sports_Cars,B003RXOOQI
Elfin_Sports_Cars,B004QF0TDI
Elfin_Sports_Cars,B004AOLA1A
Elfin_Sports_Cars,B0000C1CLO
Elfin_Sports_Cars,B003BS7ANS
Elfin_Sports_Cars,B003DZ7VZG
Elfin_Sports_Cars,B002OPC7GE
Elfin_Sports_Cars,B001I13MA0
Elfin_Sports_Cars,B00091R0JO
Elfin_Sports_Cars,B00162JMH8
Elfin_Sports_Cars,B000OWT3VG
Elfin_Sports_Cars,B003URBOJ6
Elfin_Sports_Cars,B0025VWB9A
Elfin_Sports_Cars,B005TYMLF4
Elfin_Sports_Cars,B000OZI256
Elfin_Sports_Cars,B005DTILE0