asin,title,price,imgUrl
2094869245,5 LED Bicycle Rear Tail Red Bike Torch Laser Beam Lamp Light,8.26,http://ecx.images-amazon.com/images/I/51RtwnJwtBL._SY300_.jpg
7245456259,Black Mountain Products Single Resistance Band - Door Anchor and Starter Guide Included,10.49,http://ecx.images-amazon.com/images/I/411Ikpf122L._SY300_.jpg
B000002NUS,Outers Universal 32-Piece Blow Molded Gun Cleaning Kit,21.99,http://ecx.images-amazon.com/images/I/510GjWgdTVL._SY300_.jpg
B00000IURU,Pacific Play Tents Playchute 10' Parachute (Colors and Designs May Vary),34.99,http://ecx.images-amazon.com/images/I/41h-T5FPENL._SX300_.jpg
B00000IUX5,Find Me 6ft Tunnel,32.4,http://ecx.images-amazon.com/images/I/41OatfyR5WL._SX300_.jpg
B0000224UE,Victorinox Swiss Army SwissTool with Pouch,89.95,http://ecx.images-amazon.com/images/I/41n7dPsKOvL._SX300_.jpg
B00002ND6V,Rubbermaid 20 qt. Water Cooler,36.06,http://ecx.images-amazon.com/images/I/41ZuB-teXHL._SY300_.jpg
B000030056,Intex Recreation Tote-N-Float Wave Mat 58807E Inflatable Toys (Colors May Vary),12.58,http://ecx.images-amazon.com/images/I/412291GXQPL._SX300_.jpg
B00004NKIQ,Franklin Sports Adjustable Soccer Rebounder (6-Feet by 4-Feet),38.89,http://ecx.images-amazon.com/images/I/515sDhGh5aL._SY300_.jpg
B00004T1JH,Franklin Sports MLB 5 Piece Rubber Base Set,10.88,http://ecx.images-amazon.com/images/I/41ZJIDbr0KL._SY300_.jpg
B00004THDC,Canon 10x30 IS  Ultra-Compact Binoculars (Black),399.89,http://ecx.images-amazon.com/images/I/41qj13S1AZL._SY300_.jpg
B00004TQ2P,Wilson NFL Mini Replica Game Football,10.49,http://ecx.images-amazon.com/images/I/51s0J7eleJL._SX300_.jpg
B00004YTQ2,Mylec Deluxe Folding Hockey Goal Set,45.98,http://ecx.images-amazon.com/images/I/51cKcs6NofL._SX300_.jpg
B00004YVAE,Explorer,44.93,http://ecx.images-amazon.com/images/I/412T3Y2X9YL._SY300_.jpg
B00004YVB0,Victorinox Swiss Army SwissTool RS/Pouch,94.95,http://ecx.images-amazon.com/images/I/41g2Pz8o8KL._SX342_.jpg
B00004YVB1,Victorinox SwissTool X with Pouch 53936,94.95,http://ecx.images-amazon.com/images/I/41tZk4TWe-L._SX300_.jpg
B00004YVBA,Victorinox Swiss Army Climber Pocket Knife,29.86,http://ecx.images-amazon.com/images/I/51zIV4mxr3L._SX300_.jpg
B000051ZHS,Intex Explorer 200 Boat Set,26.25,http://ecx.images-amazon.com/images/I/414KzbdEpGL._SX300_.jpg
B0000568SY,Razor Scooter Replacement Wheels Set with Bearings,11.95,http://ecx.images-amazon.com/images/I/41eZik0N7PL._SX300_.jpg
B00005BUQU,Aerobie&reg; Superdisc - (Colors May Vary),9.27,http://ecx.images-amazon.com/images/I/51gOnIXBOUL._SX300_.jpg
B00005BV0D,Aerobie Sprint,6.93,http://ecx.images-amazon.com/images/I/614zeVxMDjL._SX300_.jpg
B00005BXUU,Bell Night Trail Bicycle Light Set,13.89,http://ecx.images-amazon.com/images/I/41LO7XAK6hL._SX300_.jpg
B00005JD3V,Coleman Queen-Sized Quickbed with Wrap 'N' Roll Storage,39.99,http://ecx.images-amazon.com/images/I/415ZoKTpk1L._SX300_.jpg
B00005JD3Z,Coleman 4 D Battery QuickPump,22.16,http://ecx.images-amazon.com/images/I/41Noufpy0mL._SY300_.jpg
B00005KJWZ,"Chef's Choice 320 Diamond Hone Knife Sharpener, White",99.95,http://ecx.images-amazon.com/images/I/41ZRRXZZ73L._SX300_.jpg
B00005LDW4,Aqua Sphere Seal Kid Swim Goggle,14.99,http://ecx.images-amazon.com/images/I/415CFbZDZHL._SX300_.jpg
B00005NPPQ,Fujifilm Instax Wide Instant Film Twin Pack,17.35,http://ecx.images-amazon.com/images/I/51fVdzqtlgL._SY300_.jpg
B00005OU5T,Gazelle Freestyle,210.0,http://ecx.images-amazon.com/images/I/41N-54DEIML._SY300_.jpg
B00005RCQG,Everlast Youth Boxing Gloves,11.99,http://ecx.images-amazon.com/images/I/41S1K6XTWRL._SY300_.jpg
B00005RHO8,Fisher-Price Grow to Pro Pogo,37.99,http://ecx.images-amazon.com/images/I/31cBJlHCZcL._SY300_.jpg
B00005UOSC,"Fisher-Price Rock, Roll 'n Ride Trike XL",95.2,http://ecx.images-amazon.com/images/I/51Zl5GMlBBL._SY300_.jpg
B0000643KA,Stanley Classic Thermos: 35oz; Green,31.08,http://ecx.images-amazon.com/images/I/41-0eJKEMYL._SY300_.jpg
B000067QMM,Mongoose BMX Key Lock with Covered Chain,8.99,http://ecx.images-amazon.com/images/I/41G-7lbUpFL._SX300_.jpg
B000068CKE,Schwinn Adult Exercise Bike Seat Cover,17.99,http://ecx.images-amazon.com/images/I/41n8YPEZi3L._SY300_.jpg
B00006F7BS,Coghlans camping lantern,5.95,http://ecx.images-amazon.com/images/I/41fJJBoaxXL._SX300_.jpg
B00006I551,CASIO F91W-1 Casual Sport Watch,11.37,http://ecx.images-amazon.com/images/I/2179DC522HL.jpg
B00006I56J,Coleman 2-Burner Dual Fuel Powerhouse Liquid Fuel Stove,123.99,http://ecx.images-amazon.com/images/I/41s9yVj0W4L._SY300_.jpg
B00006IJIC,Airzooka - Black,17.98,http://ecx.images-amazon.com/images/I/41tQXG2sCnL._SY300_.jpg
B00006IS67,Victorinox Craftsman,62.95,http://ecx.images-amazon.com/images/I/215PX2K9KJL.jpg
B00006OALR,Victorinox Swiss Army Swiss Champ XLT (Transucent Ruby),219.0,http://ecx.images-amazon.com/images/I/414R60VCW3L._SX300_.jpg
B00006WNPY,Omron HJ-105 Pedometer with Calorie Counter,34.0,http://ecx.images-amazon.com/images/I/51WFYSMJ5QL._SX300_.jpg
B00007KDV0,St. Pierre American Professional Series Horseshoes Set,42.87,http://ecx.images-amazon.com/images/I/41JB8JMWTGL._SY300_.jpg
B000096OJL,Rawlings Official Major League Baseball,14.89,http://ecx.images-amazon.com/images/I/51NKXkb5lNL._SY300_.jpg
B00009B1SF,AirZooka Air Gun - Blue,19.99,http://ecx.images-amazon.com/images/I/41ItHvkRx7L._SY300_.jpg
B00009KWUH,Aerobie Orbiter Boomerang (Color May Vary),9.73,http://ecx.images-amazon.com/images/I/413IUMbxbyL._SX300_.jpg
B00009MKJ3,Victorinox Swiss Army Knife Spartan (Red),18.95,http://ecx.images-amazon.com/images/I/41GA%2B3GvlTL._SX300_.jpg
B00009XVLO,Pelican 1550 Case with Foam for Camera (Black),133.95,http://ecx.images-amazon.com/images/I/416DVPej0fL._SX300_.jpg
B0000A0AGB,Bushnell Trophy 1x28 Four Cross Hairs Riflescope,95.16,http://ecx.images-amazon.com/images/I/41DSGJFNJ9L._SX300_.jpg
B0000A0AGC,Bushnell Trophy 1x28 Red Dot Riflescope,89.99,http://ecx.images-amazon.com/images/I/31W9WE8E39L._SX300_.jpg
B0000A0AGY,"Bushnell Banner Dusk &amp; Dawn Multi-X Reticle Riflescope, 6-18x50",137.27,http://ecx.images-amazon.com/images/I/31XBQPD7Q3L._SX300_.jpg
